id,pred
001519c8,3.6463373
0022f953,3.5456166
0042269b,4.5322595
0059420b,2.6296659
0075873a,3.279626
0081af50,2.9784365
0093f095,3.2825398
009e23ab,3.6729157
00e048f1,2.4011366
00e1f05a,4.8198385
00e713bd,4.7742887
00f0737e,2.6456199
00f8e84c,4.2389874
00fc9a6a,3.214292
0144e4d5,2.1392903
014e7ae9,4.6185236
015aa732,4.257495
0178a105,2.919822
0182aa1c,4.11141
0190ff4c,3.2667553
01963e20,4.3701067
019737b6,4.743479
01992d32,4.4696364
01c359fc,3.7515697
01d0ba4b,2.2669396
01d602a7,4.091694
0249a095,4.290149
0262bf61,4.536092
026be946,4.2756357
0294b4f5,2.9422188
02a41d1a,3.5960393
02cf6a52,3.5880466
02d3c9fc,3.8521314
02e86b6a,4.5847673
031c0c58,3.8278513
034d61db,4.8137655
035f09fc,3.9860368
036cfd42,4.512175
0395b217,4.597836
03971ddf,3.9839447
040c429b,4.4011183
0417d421,3.5520575
0432f117,4.3440676
0445b534,3.1517236
044b274d,4.909831
044c5c54,2.260011
048fd254,3.817968
04b88b3e,3.956789
04c5f885,3.0069487
04e37b6b,3.5280378
04e63aec,4.056909
04f83ccb,4.3008103
052a7811,3.6058888
052b25e1,5.1165314
052cf3a6,2.6756942
053be4e5,4.1883187
05624ab0,3.3602412
056c41fc,2.501112
05b35fa0,2.9897616
05f425a4,3.5719488
05f8ca37,2.8197806
06336d82,4.630112
064a82e9,4.2342854
0657fcde,4.546674
0666fb4e,4.9532676
069d668b,4.435545
06cba5d7,4.076585
06e59db8,4.8078537
06f33221,4.2052135
073b3535,4.2310143
075f92a5,4.1308312
077ee03e,4.4692373
078a6196,4.412378
07bb2245,3.5084796
07bb7765,3.4295526
07c36ae1,3.4975665
07e41499,3.6566236
07f3409c,4.806562
081d84f4,4.051461
08276ea7,3.501518
08288a1f,3.5433905
08390d49,3.6543887
088efb89,4.0081615
08dbdc95,4.982776
08e3c7ae,1.5730358
08e82426,4.347135
08eb331a,2.5340836
08ed1a7f,3.9541636
08f461ac,4.281436
08f9b53a,4.725138
0916cdad,3.4738865
09429577,4.1052303
0949205b,3.2278152
098c4b58,4.373703
098f7878,4.972234
09a67581,5.0489583
09bf7971,4.191628
09ea6d33,2.2189014
09eb3ce5,2.7626863
0a1be27b,2.621605
0a21bbd6,4.4756875
0a248634,4.227771
0a31d60e,3.5689688
0a4e3aec,3.3292804
0a4eae7a,2.3335469
0a59a757,4.173016
0a98043e,3.5500693
0ad15907,3.4750304
0ad30c56,4.334367
0b7d9563,2.5514235
0bcf7a38,3.5590708
0bdda3d0,4.451367
0be614b2,4.4316673
0c0f5e03,3.8474114
0c13191d,3.858553
0c3c0e97,3.2304783
0c63312a,3.7335277
0c683abf,4.0077744
0c6ae36d,2.7740664
0c6dc776,4.4764905
0c81d872,2.904515
0c97760e,4.360375
0ca05fe3,2.7143042
0cb03a4b,3.2270663
0cbb4d8a,4.3690796
0cdbef4c,4.0021267
0cdd67f7,4.521153
0cf8f260,3.109314
0d0f5c6a,4.400624
0d341ad9,2.0656748
0d71be2a,4.2246485
0d9a48c8,5.119547
0d9d8d5c,1.9223732
0e1ed32d,3.8535995
0e45ff80,3.1050813
0e47a081,4.904788
0e6b2690,3.5942223
0e7d541e,4.4505134
0e8c5c2d,4.393346
0e8ff5f0,4.867528
0e92a174,4.2490835
0e92f6e6,4.332396
0e94f89a,4.3094883
0eb6deb6,2.5980456
0ef51d77,4.457876
0efdfcb9,4.3115993
0f2b0127,3.192296
0f2d2bc2,3.6258552
0f53e40a,4.879823
0f825609,3.1374643
0f99d42f,4.6748824
0fa3f386,3.5601745
10001c3f,5.0705743
1031137e,4.5240746
104e2177,3.899839
10894203,4.1044955
10967045,3.7098706
10986aaa,4.613931
10989e65,3.8026576
10a8ffbc,2.4919314
10d00394,4.7776585
10eafbce,3.9057236
1102ab6c,4.565951
110982e4,3.6149578
11612565,2.284961
1165aac7,4.0026937
118107cc,3.1264935
1183579c,2.8920474
11938f53,3.3774257
11c44718,3.9505796
1201aaf5,3.8925343
121b7be1,4.2544227
12251b80,3.9342988
12552ba4,3.741591
1255ca43,3.2173924
128d8837,3.7172701
12a1c58e,3.86494
12a29027,4.7721477
12b11af1,3.377688
12c0c19b,4.035155
12d2369f,4.4146805
12e6279b,3.7059007
12ed90ad,3.4177666
12f19edb,3.4974358
12f9bae8,4.737042
131a4f5b,2.493055
1343a4d2,4.466552
1352b297,3.3424647
1372a95e,5.0239882
13959265,2.051634
139b1633,3.5033133
13b35572,2.5608385
13b958a3,3.9167254
13c12172,2.5354002
13c8090f,3.4786544
13e5d669,5.0714355
13e5fbb5,3.593892
14198179,3.1032195
142ae1e2,3.526585
142d6035,4.2405868
143c8cd1,3.9970708
143daf03,3.2056425
14416b1b,2.1024323
1454c1e7,4.309647
14623dee,3.8135943
1465ed8a,3.348795
147f29a6,2.638468
148d6ad2,3.1213467
14a7ef5a,3.115028
14ab2307,3.354201
14c585a2,4.8558583
14dcd6c9,2.6211221
14f96944,3.9657207
14fee75a,3.1666608
153aafba,3.3925245
156afd16,3.7869136
157ebf8a,3.4010856
159f332d,4.12966
159f6c4b,3.7684073
15d93e45,3.7648666
15dde81f,3.4579606
165315ef,4.201019
16542171,4.480764
1677c88a,3.5762696
1686e65a,4.4229383
1698ffb9,4.151745
16c2ea01,3.3158963
16e8b11f,4.741281
1772af76,3.708881
177c0f32,3.8325806
17b23156,3.6662571
17d3226a,3.0212846
17dd8cb3,2.3154612
1811b3dd,2.5842788
183fdf47,4.1709304
1849b0dd,4.8361897
18546086,5.020935
186c795b,3.9509394
1894b127,3.919549
18cb3b82,4.3291926
1908a463,4.4072433
19312bdb,3.6416554
196a6369,3.7508829
1972e933,3.5033422
1986a3d4,2.0717978
19950714,3.644876
19a76260,3.188073
19baa1dd,3.170488
19fbc46b,4.7331095
1a07f6cb,4.914387
1a14d0f0,2.8882444
1a1ca818,4.256419
1a2a5718,4.822974
1a6a67b1,3.035829
1a7861e7,2.8434868
1a7d6b4f,2.1434667
1a8cbd7f,5.7134895
1a926362,2.8322394
1a97368f,4.3358164
1a99ca29,4.542167
1a9e8903,4.8064384
1ab08776,2.8976948
1abc20b4,4.7220755
1acb2b61,4.3656077
1acc5907,3.6800673
1af8f766,4.6409616
1b170ded,4.2676783
1b192ac5,2.6720088
1b1beabd,3.032632
1b22c07e,4.645315
1b2f3b8b,4.488322
1b5a2340,3.66083
1b6ef74e,2.8070858
1b74bce8,4.4541473
1b83a657,2.4640892
1b8d8f77,3.3030934
1b8f6a12,4.314379
1b909812,3.4610202
1ba0622f,4.320745
1bc286cd,3.5683482
1c08fe1a,2.327207
1c1f46a8,3.1970038
1c3f6510,2.6618307
1c4fcca3,3.8306124
1c540433,2.0286536
1c81cb79,4.3047976
1cc9ea58,4.3563833
1cd167a4,3.7923152
1cd86e70,3.8392365
1d14ba28,3.6688228
1d199f1e,3.3804572
1d5c3490,2.628529
1d716bff,2.3986928
1d8cf496,3.4290602
1db1735e,4.489898
1dc5440c,3.3631968
1df0730e,5.507503
1e12f119,3.5847096
1e2a01f5,3.9706366
1e7fc25a,2.847924
1e882f60,3.2324984
1e8e8e18,3.092231
1ebb9b74,2.2507098
1f66e7f7,2.412211
1fb7a3e6,4.14043
1fbb8840,4.4684644
1fbedb17,4.625802
1fbf2800,4.1491
203a6602,4.103743
20678203,3.8441856
2081c45e,4.4910264
2083b2d1,2.3360314
20ae730b,4.1331525
20d1a4a0,4.917262
20f66977,2.3548815
20ffdd91,2.6010072
210aa189,2.790347
21170932,2.5730321
211bf668,2.533441
213d79d9,1.9046963
21434532,3.3214757
214992f5,2.8355289
216e0bad,4.456722
21707506,3.1472428
2191981f,2.993554
219277f2,3.9033263
219e5338,3.4356022
219eeff1,2.158131
21bbc3f6,2.4858203
2203d0fc,3.9736924
22106b1d,4.3868766
2222cd90,3.6702008
2255eafc,2.2612188
225dcef1,3.240251
2277b17f,4.534241
227e9aca,2.5628223
227fc5d4,4.6446505
228f56af,2.9820263
2294b205,3.0556483
22982ff4,4.0185246
22b5b6db,2.491593
22ca4a3d,4.029877
22ce0bc8,4.8874993
22d9276d,4.8629174
23022dee,2.4123902
230b73d3,2.4583862
233d1540,3.824013
236171e4,3.6269047
23717103,3.4602137
2381064c,3.1324813
2383d924,4.3838816
23855e0b,4.8339114
23bce305,3.9222503
23d865a7,3.418814
2428fa05,4.9265194
2440d983,4.5948844
24870b2d,2.8051875
24eab250,3.6715894
24ef4fa9,4.1689305
2522a736,3.138519
2534ca96,3.830844
25354b83,2.7154708
253b2cdc,1.6458415
257fb4a6,3.9918885
25835eca,3.8893852
258ecfdc,2.6138086
259b5a0f,3.3586125
25c3877c,5.039715
25c5a18a,4.0645595
25dd857a,3.9855251
2600692d,4.7817597
263d3129,3.647398
2641df91,1.8716762
264d3c96,4.102643
267f8752,1.9987377
2682c94b,3.659322
269fbbdd,3.3124597
27027716,4.0447073
2717fdef,2.9872735
279b22e6,3.6157112
27b7f5c5,4.6096582
27c6585d,2.6703675
284aca12,2.3708785
285a0153,1.5093144
2863f4b7,3.0313876
2889d0db,1.8100106
28b77182,4.2159586
28e0fc72,4.4375763
28efbd1a,2.6979477
290789f7,3.1188076
2917977d,3.6776056
292bd5f7,4.3307767
293d6cb1,3.6756132
2967ec05,4.8233585
29b7f2f6,2.295095
29d4417d,4.387877
2a11b826,3.43049
2a4db519,4.656141
2a5f1f40,4.6778145
2a614234,2.8031907
2a7b72fa,3.9563303
2a829632,3.5445337
2ad0867e,2.886365
2b1539df,4.2379155
2b4ce8a8,4.753906
2b58cd89,4.733742
2b6c176d,3.134632
2b9d70b2,2.7818758
2ba1a84d,2.857454
2bb9bf81,4.1418767
2bcfd704,3.5910566
2bdba7f6,3.9657767
2bf2d921,3.1788774
2c13728c,3.9698377
2c30b48b,3.1916246
2c31fe42,4.008548
2c342490,4.023244
2c3a98ab,3.00649
2c403362,3.0823395
2c6da667,4.252141
2c73e7d0,3.1333458
2c75e15a,3.4238846
2c7997a3,3.4988327
2d299968,4.801192
2d394d34,2.1745589
2d51209a,3.6715903
2d58eb30,5.389774
2d82f063,3.214192
2d83c6c9,3.619503
2d8a6af2,3.458621
2d9342d0,2.6718278
2d9c35e8,2.983553
2da56fa6,3.4405107
2da9a8cb,4.5684876
2dabece2,4.6887364
2db46aff,3.5578196
2db77950,3.9158945
2dbeea4a,4.1528444
2dc069c3,4.015285
2e01a66f,5.183
2e0fcc07,2.78918
2e2e145e,3.4400458
2e303d69,4.034853
2e797c45,3.5533926
2e9ee7c1,4.507823
2ecae626,2.894197
2ee0f648,4.6353946
2ee11d9c,4.166849
2f2b1be2,3.1720688
2f64d42c,4.7395473
2f7356ae,3.0692115
2f74828d,3.553296
2f83bfb7,4.01448
2f935a5c,4.64526
2fa3af34,5.215676
2faeac7d,4.261742
2fc93786,3.6189756
2fc9620b,3.3288546
3006e294,1.9804599
30235dd1,4.5208874
307e833d,5.193174
3097a2ab,4.1471004
3099719d,4.283401
30c264be,4.8545637
30e0f4ec,4.4659038
30e2aa10,4.5418262
30f509a0,2.6011522
3114bf63,4.964996
31308ef1,3.9920588
315bdafd,1.4606363
316bd158,3.636229
31816ccf,4.219324
31bfbe30,3.203889
31d5a61d,1.624961
31d87980,2.171701
31e423b7,4.5335064
31ead610,3.910203
32351c1e,3.4114885
32367f91,3.162226
323b91ab,4.40017
32521404,2.1649325
325235a6,2.7593737
32897e88,2.3651264
32a001ec,1.7731457
32a0d334,3.75312
32a8bf6e,4.349699
32abae3d,4.1445546
32c5e6b9,1.9792783
32f5dae7,5.147669
330e0852,3.4129555
331c5ed4,4.073054
3320a922,3.4293988
332aaadc,4.928408
3330a3c2,3.5475144
335fc8c4,4.5992074
339ef1f1,2.919612
33e55b8e,3.8131692
3402f8b4,4.3600044
3430ffd9,2.9634984
34374e3a,2.5024133
347a3473,5.410075
349165a7,4.2368355
34e6276d,3.8672795
34e9c080,2.4219275
3507df06,3.0086927
350bf2fc,4.754705
357dd517,3.8391166
35a8b483,2.4773197
360df630,4.4345546
361ba892,2.7104816
361d0e8e,3.5768793
36262fb9,3.2492468
363cff31,4.133273
3665bfcd,3.3942766
36937fb5,3.5936608
36a25efa,3.5900352
36e03ded,4.3531666
370be0e8,4.3315496
371354c9,4.1292596
37677d9c,3.5705514
37870635,4.013105
37938f0a,3.8816073
37aad1c0,3.6329708
37af08ac,4.7421417
37d60336,4.0177817
37da53ba,2.973552
3801ae95,4.379133
3814e70a,2.5960064
3834adcb,4.3283277
38556f4b,3.009567
386de32e,3.9602554
38e46312,3.3030002
38fd0668,5.1882787
3919c54f,4.544911
3931a16a,3.9137225
3938f736,5.040294
393b3fa8,4.352274
394aa22d,3.3716838
394c1342,3.6711257
3965375d,2.4706132
3977377a,2.8101778
39bf6230,3.0143225
39d8a62f,1.9510967
3a1281c8,4.38763
3a1d42c9,4.914524
3a266257,1.7084779
3a2e0bee,3.8117616
3a39504e,3.8576648
3a5b6512,3.5893528
3a65a167,3.2942178
3a894e01,2.6998901
3a8c1895,3.3649561
3abc84bf,3.9847724
3b16cdcc,4.160133
3b255c54,4.7236094
3b5cd2b2,5.216099
3b664e22,3.9068122
3b75532b,4.283513
3bb7e7f4,3.4380739
3bda31e6,2.340022
3bfdb870,4.282736
3c1538c7,3.0154865
3c3605d7,3.982341
3c417fd5,4.496918
3c53bfa0,3.9471085
3c79be4b,3.7682042
3c837aa3,1.58011
3c957930,4.15056
3cb3b607,2.1091635
3cc2d640,4.730799
3cffdc8a,3.0049424
3d1f8204,2.7672582
3d24cd53,4.153551
3d6b15dd,4.5167036
3d95f52a,3.4968388
3dccb44b,3.5253832
3de6dde6,4.1996183
3deab542,3.796093
3e0aa9dd,3.876652
3e10785d,2.1663957
3e2b4048,2.2357903
3e3303e5,4.430244
3e3848e6,4.492453
3e3cb355,4.822021
3e40ecd2,3.6598577
3e498d1f,4.807367
3e4d4afe,2.3514645
3e5c062d,2.825895
3e6f3340,5.022964
3e99d020,3.9242833
3ec5db01,4.9741673
3ec68173,4.8926277
3ec690e1,3.7358568
3f0ba72c,3.4608834
3f73ca80,4.0393186
3f7887c6,2.2562082
3fc18493,4.3883142
3fdd2b5e,4.3481064
3fdf630c,4.2961836
3fe62246,4.110966
3ff9d316,3.9688363
40145912,3.1760015
402c7ed8,4.8347273
4042f12f,4.092826
40556bf1,4.814378
409e7178,2.614849
40b28508,1.9984463
40caf723,3.8375251
40f941ae,3.8675954
40fd4917,2.580214
4107bf80,4.53809
41090ec8,2.6675556
41388810,4.4295974
414827f7,4.384189
41a021da,3.6553557
41af0616,3.99453
41b95fbe,4.0716987
41b9cd13,4.5163507
41eb8f63,4.747456
421391ad,4.3887987
421595e4,4.7131314
4219ea83,3.7342489
42244528,4.2710924
422636b0,4.598877
426da54b,4.2797203
429585ca,3.1980875
4297d74a,3.3494513
42c392da,4.0142894
431c41af,2.1704917
4393ebf4,4.5127373
439423ad,3.9747965
439e2f35,2.8483841
43a4e74a,3.65449
43c6ef75,2.0178218
43c78bc4,4.577717
43f41326,3.4003854
440fef25,4.712446
4422c098,4.619511
4429109b,3.4942305
447b0de9,3.119332
4483f461,4.885934
44a97944,4.791901
44ec0937,3.3034532
44f11deb,3.1644273
44f746fe,2.8314002
453837dc,4.7472415
4552825f,3.8899968
455c8318,3.8056848
458bb9cc,3.894257
459d7670,4.414091
45d6b818,2.6446495
45ddf704,4.3930464
45eeb87c,2.5877717
45f17ed3,4.2325225
4608c4a1,3.6434805
460a3b3d,3.4748394
4626334e,3.9562066
466921d4,2.5879147
4684bf0c,3.637946
46c9e4e3,3.7781653
46d71c87,2.5483124
47263855,1.9052978
472a5037,3.3060436
473222c1,5.4364896
473d1159,4.301386
473d6f24,2.2206569
475006df,4.272264
477e4c8a,3.364935
47904389,4.472537
47de2009,3.8372788
48201b3d,4.015772
4854cde9,4.5667825
48594724,2.5217135
486dc5f0,4.2556047
487a093f,4.9379745
487acbd9,4.5124936
488b994c,4.431354
488d195b,2.6347253
488dbe18,3.6386302
489902fe,3.0785227
48aaa3c6,4.0138865
48aad08f,3.4931014
48be0afe,3.3238103
48edc5c8,3.5794797
48fbb3ef,2.7740438
48ff5381,4.400628
48ff8d38,5.0388727
490c19c0,3.8356726
49190165,3.368284
4939d3d1,2.8340847
493aec30,3.461034
49488813,2.7686067
494b2e17,3.0659246
494d5ab2,4.3274183
494fdf3e,3.5579028
49628584,3.73711
497c5987,4.0740485
4994a1b7,3.163492
49d31772,2.328619
4a2e23ae,3.2141433
4a52b71b,3.056774
4a96faab,3.403048
4aa3a5d5,4.0445323
4ad56fd3,4.338364
4b0ae22f,4.6418304
4b100e58,2.1673193
4b313e06,3.4428234
4b3c6c52,5.1073494
4b40b5c0,2.075028
4b511325,4.1808686
4b54047f,4.4122705
4b70721a,4.109329
4bb0b16f,4.1182084
4bb55429,4.5436044
4bc66798,4.0829577
4be768c3,3.245789
4bf58df2,4.1611814
4c084150,2.8683965
4c0f5ea3,4.225689
4c29fc28,4.273864
4c36ee7c,3.9521358
4c542568,4.2024446
4c5545d0,4.930126
4c5b9963,3.941531
4c665694,3.7266655
4c6b68d7,2.8263597
4c8431de,1.6672493
4c96253e,4.1951027
4c973b64,4.915225
4ca65256,5.0239534
4cad4523,4.1655955
4ccd16f5,3.6797862
4d050f27,3.0164542
4d0cc87e,3.4452903
4d1d25cd,4.50385
4d2518f9,4.6757565
4d27ea35,3.4767025
4d3dd6a7,4.1695304
4d55f4d4,3.5492537
4d659308,3.5753589
4d83896e,3.7090216
4d9acb35,5.02279
4dba875a,4.110571
4df463e8,3.9972174
4df5c36d,4.828336
4e0493e2,2.47921
4e07b17b,3.5975413
4e21e149,4.951063
4e42a8d0,4.1658373
4eac4460,3.95075
4ead4432,2.9488997
4ef2c4d6,2.6043763
4efb9677,4.216169
4f423d3a,2.218838
4f48b15e,4.301525
4f58b9c8,4.561449
4f790e0d,2.4869537
4fab5ef9,5.413955
4fc52b72,2.8720827
5025c0ab,3.9419026
5030aa8f,3.6040654
503b1f32,3.5567226
50457931,3.5789788
5046478b,3.7086406
5091645f,4.5416727
5092df71,3.8506174
5099e6e4,3.4289973
50a6255f,2.8410957
50b091c1,2.1494539
50c1487d,3.8005066
50f6a379,3.3422863
50fcfcb0,2.491194
5174669a,3.0955915
518a82de,4.553981
518d1052,2.7324111
5200e1c1,3.6212823
520d7802,4.4847836
52106fb4,4.6481695
52125f9b,4.214648
522894e5,3.5893254
5252751a,3.7433984
52969080,3.6087809
5299dfb8,3.6392984
529fdadf,3.4466372
52bec922,2.3527672
52c2217c,2.7144225
52c8c00d,3.9459589
52cb9d7e,4.63115
52d6746f,3.4489331
5310936a,4.2706513
531642e5,3.9831295
5327ff63,4.211465
53484052,3.5786166
53963d60,3.8004706
53ad302c,3.9840903
53eae7f2,4.939613
53ef14a4,4.0001016
54066b22,3.4833355
54130282,3.8307555
54156150,3.3553865
54249b1b,2.4944499
543f1649,3.7081757
544bf58f,4.2392316
5461650e,4.3733735
54687e6e,4.1692853
5484cf05,4.4319563
54b21b6c,4.3445325
54be5170,4.568274
54c04585,2.298578
54e4b9ea,2.2402074
54fa76a8,4.2966614
54fb4afe,3.0553262
54ffe46e,4.232313
55203483,2.1989841
55803c82,5.008142
55850677,4.772748
55850b72,2.7436264
5590d775,4.0973115
55c47563,2.930228
55c964af,3.6653595
55e10d59,4.134261
55e74440,3.7744884
55e7ce9c,2.4570034
561640d2,5.1169677
56172efb,3.1233637
56464b89,3.9259508
56586ecf,4.264494
568ceeb6,4.1506205
569d8062,2.79629
56c2c82f,2.669162
573a489e,3.3575902
574837f4,2.6639962
575c5872,3.6918263
576e9414,2.6252456
577a6280,3.7849798
57cf7d76,2.5656335
57de9e7c,2.805273
57e59a7e,4.1793556
581eaf19,2.791523
5823d883,3.4764378
582dbb0e,4.7115355
58b8feff,3.423276
58e307a8,2.026296
59247531,3.4035022
592852fc,3.997964
59391c3d,3.5247495
593e705f,4.502635
594c2957,4.056151
596d2b93,5.1719503
59b1303d,5.0704694
59b922be,3.8015182
5a3f0d07,1.7327032
5a685b17,2.5753446
5a7d2bb0,2.552699
5a841dce,2.7325792
5ab35d62,4.6830144
5afe1846,4.416453
5b3282ec,3.8088949
5b3d816d,3.6388934
5b45d605,3.5179315
5b684c92,4.351321
5ba1bddf,4.5745335
5bb0af01,3.5988653
5c16af37,4.0514627
5c1ba571,4.8839655
5c3ee912,5.092704
5c423ef1,2.9296746
5c547ccd,3.3807518
5c565da6,3.775458
5c5e3889,4.042096
5c80564f,4.804695
5c8617f8,3.424478
5c88a769,1.871993
5c9487e2,4.163159
5cd4e6be,4.0294633
5cd89d6a,2.6225708
5cdb9757,4.577851
5d2dc268,3.2082236
5d434b72,4.6973143
5d650af6,4.7309227
5dc57e61,2.6675036
5dd88533,3.5989063
5dfbc450,4.1393614
5e048ae3,2.8053632
5e25026d,2.4467847
5e39639b,2.8464832
5e462523,3.3165758
5e4e767b,1.545178
5e4eb9ba,3.3309505
5e53f74c,4.933538
5e883233,3.8409703
5e8a2513,3.6150007
5ef5e32d,3.351124
5f130d67,3.1322708
5f3386f6,3.4304225
5f43564c,3.621659
5f54631b,4.268584
5fa3bd8a,2.8460484
5facee61,3.9518068
5fe2840c,2.7807195
605bff4d,5.0143538
605e3a12,4.382178
607f216d,4.8896656
60824ff3,2.0857258
60878b41,2.5153494
608ef9a0,2.8698196
608fe7d3,4.975553
60af525c,2.3642426
60ca3cfa,3.9930909
60d574e2,4.4069204
60d742c3,4.282643
60f61b04,3.8547254
610914b9,3.5953538
61185a3d,4.3882256
614a8c0f,4.4397745
61702afd,4.722456
6175e621,4.256206
61786648,4.9938993
61abc326,2.864964
61d03a51,2.7059336
62161e96,2.5207508
622068c5,4.3659234
6236e892,3.737286
626ee149,4.3097935
629fdb77,3.0569239
62b9a12b,4.576902
62bf4107,5.1286826
62c6cb18,3.779606
62cbed39,3.9332035
62d9434c,2.5206451
62ed5a31,2.457123
62ff8c30,3.9623857
630300bc,4.362807
631348ae,4.5249357
638c64e3,1.9505984
63ab70f0,4.5732765
63af3002,4.1638627
63c5dd76,4.541983
63dd84d5,4.7060385
641095b1,3.6709676
6436f0d3,3.5381787
644ff57d,2.138574
6465075b,3.71219
6467de45,4.761019
647ca15e,4.526903
64828dc1,3.8803132
648b1906,3.5949073
64caebbb,4.429297
64cb3a25,3.5754206
64d95b13,3.499636
64eeb50f,4.2812996
6500aba6,2.9183435
651f7d29,3.983588
6538b8cf,3.6482258
653f7b98,2.9195056
65796172,4.658952
6589d702,4.16465
65a890d9,2.6542935
65bbb7e3,2.5265708
65c2a095,2.1287255
65c324b3,3.348509
65eb7e1b,4.0114045
661db0ca,3.5410366
662073a3,3.0304477
6631dc3b,4.598483
66327501,2.8968432
663ac837,2.1098752
6677ae29,3.5090487
668c6f59,4.6710396
669691d8,3.0859494
66ae4f3e,3.331644
66b82d74,3.3302932
66d4cce8,3.597946
66f386c7,4.6948295
66fed026,4.1413326
6714d1b2,3.5262125
67257172,3.9679852
6745808d,3.9324586
6763136d,4.403624
676c6618,4.245984
677a166f,2.668849
678869e4,3.0755992
67a3d9f5,4.2747326
67a685e2,4.244477
67b5648f,4.514188
67b7ca27,4.7013736
67c66245,3.0925136
67c94b48,4.9992294
67d04f17,2.7408092
680dffd0,3.7917233
681a978c,4.4257407
6828d225,4.0532517
683c9557,4.43472
684da01a,5.161054
68628a31,4.62275
68a3f911,2.947529
68c4cbc9,3.7535827
68d05594,2.6741793
68df1430,3.2830946
69021be9,2.909267
69080b17,4.9110327
69339761,4.4975367
695bc6e7,4.731266
696bafbf,2.6338959
6978fb97,5.041094
69916fc0,3.5227318
69a3c3d6,3.1435192
69a9e639,4.4547324
69ad66d7,3.946247
69ce169c,2.5666404
69e5114e,4.2814937
69f2c884,4.0538335
6a3c4a0e,3.296287
6a4643be,4.1329074
6a46d751,2.0229707
6a5a9898,4.4624376
6a9ac8e8,2.9236798
6a9cd990,4.359588
6aa4881d,3.7526822
6ab3708b,3.0892587
6af21917,4.4693227
6b0cfb58,3.880195
6b2a1937,4.886594
6be795f6,4.595861
6c032912,3.310143
6c307cb1,4.5709076
6c446516,4.0726624
6c46059e,4.08133
6c5db560,3.8338263
6c6a19c5,3.1332333
6c710d22,2.471724
6c77e200,5.4271855
6c8526c6,3.7106497
6c9a74d0,1.7547957
6cc023d7,3.7908666
6cc7b04e,4.135457
6cdd4903,4.104049
6ce7454e,3.2678335
6d008b60,3.6404555
6d1405de,3.9197805
6d1c240b,4.128012
6d362b88,3.2216723
6d4bf9e0,4.360185
6d75a372,2.3091314
6d84447a,3.4798565
6d9627c5,3.1840713
6dcd250a,4.006623
6ddee6b9,2.4088051
6df4063e,3.8588521
6df4bb12,3.5243535
6e00ad5f,4.6815014
6e1048f2,1.8013592
6e3ff2ce,3.248103
6e47a75b,4.0928483
6e4d4a28,3.0141423
6e561dc9,3.8345993
6e701071,3.641561
6e958656,4.366988
6eddf669,3.3302596
6f39a6e9,4.8899813
6f54beab,3.5484757
6f6fb596,2.0891526
6f86bf79,3.9876153
6f973b44,3.9119327
6faf0075,4.4403334
6fc3a54e,4.225649
6fe9a213,4.7608914
6feba041,4.3312054
6ff9eeed,3.104927
702810ac,2.8487997
7073cd1e,2.6271195
70985ac3,4.6643853
70ba8d67,3.3463507
70ff714a,3.9760113
7173050a,3.1128862
718c0f7d,2.8550963
719ed6e1,1.867234
71a6cdc5,3.2279112
71d647bf,4.4769673
71f872ee,2.565284
720db86b,4.4001966
72135c44,4.556085
72298d29,4.1598783
7251481e,4.6823316
7256a238,2.022864
7257c0ab,4.1826158
726c884c,4.412725
729dd832,2.8125472
72e1c38c,2.4478128
7313113c,4.3961926
731c3f6b,3.7563612
73340766,2.5851529
73604dc8,2.452596
738c8c99,4.911659
73a14f64,3.5767632
73b357f7,4.9260173
7400383b,3.3800657
742537ba,3.7476952
7425b7e1,4.267485
745e60f2,5.1485195
74629ec4,5.2769384
7476e3b2,3.7263691
74b04381,4.304652
74c48d94,4.0380125
750a018c,3.845444
752dee76,3.6067965
753959f8,3.2130067
753c6d04,4.364678
754646df,2.426761
755df972,4.168376
7569b6be,2.9730952
7570a831,3.7363017
759ddfd8,3.5652206
75b4ab26,4.792491
75c62f9c,3.1298583
75cf2c31,4.4112597
75f9383c,4.310606
76326c8b,3.5976284
76704f26,3.5813432
76753317,2.5140612
7680b21a,5.1598144
76b79ef0,5.104151
76e1fcc1,4.1202946
76e669d8,3.5007195
76faf752,2.4888947
77021ea3,2.7957428
7727ae8e,4.3838286
774a64f4,3.6435065
77673a2e,4.0688753
7777fbbf,4.708128
777c03e6,3.3158793
77954073,4.092129
77a4e4b4,4.705571
77bd26b6,3.4860153
77e2b5fd,5.1039343
77e45980,4.598925
77f85738,4.190647
7812d152,2.8653524
781d2597,3.75959
78421e70,3.0357745
78721869,3.234608
7872ee7f,4.639095
78c8474d,3.7673407
78e1f60f,3.319391
78e8d984,2.5017745
78f131a5,4.730725
79063968,4.342108
7911e416,3.5178177
791be024,3.9701595
793e5089,3.9169545
7966d52a,2.4378881
79706890,3.5343573
79749297,2.958278
7992872a,3.3617878
79bcc2de,2.2725685
79e96d1d,3.6573758
79ee2112,2.4794276
79f540d1,4.5354977
79f66976,4.3259616
79fff502,3.2442021
7a17e218,4.5950837
7a1fa8a8,3.5614157
7a4d1680,4.2004004
7a5402f9,3.2713108
7a69dc57,4.07942
7a8eb928,4.0555706
7ad93a2e,4.1503134
7af8d365,3.8029518
7b099747,4.9478664
7b1c6fc7,2.581006
7b3dc2f8,3.9649148
7b4bf487,4.0136495
7b6d6bb4,5.037412
7b81babb,4.6864934
7b8d98bd,4.0192323
7b950047,4.2787466
7b9c67dd,3.3606713
7ba082b4,4.3811183
7bb736ae,3.199816
7bc81b84,4.7130547
7be4f0ec,3.585141
7bf0df3f,4.408907
7c0c1b5f,2.707358
7c199fb1,4.1827984
7c29b41e,3.4090333
7c2af42c,3.07522
7c6fb927,4.3314614
7c793f53,4.2877517
7c9dbe4b,5.08757
7c9f0b7c,4.615355
7d0a6bd7,3.695669
7d2a1b67,5.191801
7d9f3b3d,4.480983
7de7c09f,3.7185516
7dff0acd,1.6589074
7e17c4f0,2.610425
7e1f014d,4.04397
7e3030a4,3.820414
7e3237fa,4.2276316
7e6cde77,1.9897987
7e944bd0,1.8998439
7eac4ad6,3.5496058
7f0406a6,1.9161078
7f1703d0,5.0145297
7f485095,4.5090094
7f4ac329,4.2767
7f5ca0a9,3.3334332
7f84e67b,4.2062106
7fb70c6f,3.60216
7ff74c9d,4.419909
80204e4f,4.0939126
8028b942,3.4932525
80567e1e,2.448091
807c822a,5.092018
808abe75,4.5316906
80c8e829,2.5337074
811373e1,4.2597613
81264ebf,4.218241
8159527a,3.40819
817c9789,4.5613694
81a74596,3.9593246
81a86064,3.2482371
81bc89d3,4.8357425
81ccdcfd,4.167373
81cee31b,2.64674
81f5c2d4,4.8685365
8204c891,2.0689235
820bcf42,4.2219214
82496b31,4.8409204
824be298,3.420829
824f263a,4.2327204
8253f526,4.483535
8268b1e9,4.3825917
827b7d94,3.742317
828b9335,5.0382476
82940d15,3.9544501
8294f230,2.8952127
829523e8,3.2858276
83184f73,2.6767378
831d0606,3.6457174
831f7758,3.6730053
8325eeb2,4.2742395
83588b63,3.2497525
835c845d,2.9589727
8385a336,4.1627007
8387640c,3.8232431
8389a706,3.722663
8389bb25,3.986579
83977519,4.0471354
83ad0a4b,4.1791344
83b04f27,4.9162393
83b16bab,4.8503327
83b171ba,5.081173
83b2b54f,2.977509
8404b53a,2.7309716
840c0b4c,2.868463
84183990,3.6848824
84221545,4.9187436
842d59a3,4.2214246
844e1ce7,3.1964083
8455fb45,3.7036843
845cce85,3.340349
846d9750,3.003878
8492481c,3.4525423
84957285,3.256156
84965efe,4.716626
84c3dd82,2.309336
84da500a,3.704515
84e444cd,4.981169
85003a37,3.7187755
85133702,3.633372
852aa24b,3.350928
852fc430,3.485308
853a8fab,3.4361687
857db4b3,4.987
8581a825,4.4010744
8581c428,5.0526934
858a7bb6,3.930212
859774e5,3.8039548
85c87a30,3.356985
8626c32b,3.1435204
862a9560,4.3731117
863dc6f9,3.874535
864ca8af,2.2306948
865a9203,2.5836651
869a7835,2.7648695
86c1dce0,3.552708
86ca6cba,3.7533112
86e05a78,4.953232
87211b93,3.9571195
8732df65,3.5516071
873e7f98,2.5137715
874464a1,4.9322906
874e6c1a,2.6844888
875aceae,4.071325
87766dff,3.0459673
877780f2,2.5402002
87e2154e,3.9276469
881c395d,2.417384
888feeaa,3.7095087
88a4f82a,1.882802
88b4e5ea,3.8846905
88c152c8,4.365883
88e4475d,2.182419
8908c597,3.6208506
89190107,2.6848211
89353044,4.175511
896e987e,2.855428
897b3f73,2.7858074
898d3ee7,4.6659317
899852bc,3.9455729
89a23b9b,4.507192
89dba3b6,1.9121126
89e03572,3.4117339
8a021954,2.3127048
8a1aeb3a,3.312974
8a59c454,4.4942193
8a8c1ea2,4.163927
8a9500e8,2.932931
8ac53c4e,2.5620387
8ac62347,4.127739
8adb949f,2.2584927
8aec3af2,4.1374474
8b49c436,2.6632557
8b59f324,4.5598145
8b5a06a2,3.9744315
8b74c1d4,2.764531
8b880106,3.773091
8b8f360d,4.2624645
8bcbe7d7,4.0563407
8bcd94be,3.8532004
8bd44fe3,3.8158233
8c58e2db,3.4330008
8c5963fb,2.599138
8c5ed7da,2.944644
8c8d7083,3.9384832
8c8dfd2f,3.9422433
8ce43664,2.6893666
8cf555a8,4.227504
8cfa9f8a,4.7730093
8cfca527,4.676011
8d1268dc,3.9922657
8d14d8fa,3.4905655
8d3b6795,4.7072787
8d903f39,4.778571
8daafc96,3.7613962
8db72601,5.247719
8dffc9eb,2.959683
8e3e91d8,3.7274857
8e4e584c,3.319094
8e5a0aed,4.2871866
8e7ddf0f,3.7168992
8e884143,4.064048
8eafea92,4.3244033
8ec38d5b,3.782074
8ee8c46c,2.1825805
8eec804b,4.6962223
8ef881b4,3.827802
8efb813b,4.5144463
8efca562,3.3583615
8f05fb9e,3.295932
8f126cea,4.1046696
8f157bd6,2.249691
8f72687a,2.339734
8f92a24d,4.607943
8f9c0813,3.4840658
8fbd833d,3.4179287
8fbd8fb3,3.7152276
8fcb57ae,4.465559
8fdc8601,3.2921715
8feba1fd,3.5387878
8ff8bf8a,3.2155416
8fffe644,3.5553303
9022e4d4,3.1166668
90269dde,4.0791535
90295028,4.9277453
9034ff83,4.6951785
9048481a,1.8702923
9059cc2e,4.1993785
9060dbf2,4.0964375
9061574e,2.5743675
90911337,4.5734453
909354fd,3.6391177
90b4a05d,4.0230517
9116f319,3.5801668
911a0eed,4.1385746
91298a75,3.4287326
91849925,4.420052
918a665d,2.8093388
92122c61,4.3463883
9238a345,1.9262551
923ca962,4.1831408
9259b9ef,3.8083842
929b792b,4.084067
92aedf7d,3.2478383
93254e05,3.1712472
93274056,4.360147
932df7b4,3.3860931
93348ad7,4.6003885
9347ef4c,2.7206924
934d3907,4.8697233
935529e4,4.305263
9387663a,1.9603004
93e42795,5.060747
93eb72ae,5.168454
945ef4cd,2.63669
946479b3,2.9880462
9482dac7,2.5505672
949b4349,2.6243343
94dc3440,3.30547
94dc4f03,3.7300363
94f762ff,4.650984
954b0e6c,3.0571778
95539d95,3.4872484
955e30d1,3.4870481
955ea377,4.4655566
95acfe17,1.6036707
95bae1f0,4.634181
95c6b90e,3.8258533
95d8de34,3.1844637
960d5df5,4.8486543
963b9bc1,3.8880222
9654cf12,4.9411626
967a0499,3.475955
96bb51b6,4.222354
96d0af80,4.133895
96d5d232,4.385088
96d9d49e,3.927969
96e4825f,4.586867
96efda3b,2.963479
96ff9891,3.0348353
972581fa,2.6857305
978aa7a7,3.5375679
9790b0fa,4.504899
979e6e7e,3.5187657
97bb1cdc,2.3711705
97dcb8b2,4.2101955
98058f5d,4.9008346
9824217b,2.226233
986b594d,3.543846
98e0b921,4.4601088
98ea47d5,3.1034806
99067006,3.7475023
99087dfb,3.4945948
991029d7,3.3101196
991b0a60,3.5922623
9923f86b,4.346443
9943adf2,3.0359383
9944b4c5,3.1469016
994c1a12,3.700884
994f202a,3.5793233
995c445c,4.2949686
995e2389,4.1573367
999246d1,3.0034368
9999c95a,2.0389283
99d9c99c,3.6942468
9a2ed914,4.9193907
9a6032c9,4.823347
9a66339b,4.875016
9a89a9bd,2.3953927
9ab68076,2.8152757
9ad6f093,2.7755911
9af2bc7c,4.803765
9af83860,4.916188
9b1f39a7,3.8880146
9b3a64d9,4.4929795
9bb707cb,2.8902507
9bc6e6cc,2.9453294
9c4404a6,3.0144227
9c4627b3,2.4549606
9c505fff,4.5576286
9c5131cf,3.4788995
9c54b5a8,4.3911405
9c656e73,3.927904
9c7ff6de,4.0404983
9c9c6e1a,4.2200694
9cc84e1b,4.221851
9cd00d22,4.2658963
9cd5ac07,4.154719
9cdeaac5,3.7964926
9ce1a51f,3.7847445
9ce5e4cf,3.0728722
9cfb112b,5.276139
9d239d44,4.1088386
9d5dd931,4.3752565
9d8254bc,4.3501816
9d8ba1be,4.532788
9d962f39,3.3586426
9dad44fc,4.150014
9e0b8121,4.589056
9e5e1401,3.6148465
9e9cc5e4,4.195765
9eab51f8,4.312773
9eba326c,4.9865828
9ecddd96,3.9613461
9ed9b275,3.6487284
9ee392eb,4.23802
9eed1c32,2.4398918
9f1c3e52,4.3613687
9f328eb3,4.9064574
9f3cc888,2.5909815
9f409102,2.4335847
9f61160b,2.1663055
9f62a5e5,4.7141457
9f8143a9,5.2071447
9f9b0a0e,3.8616219
9fa0f5fd,3.16928
9fae8916,4.0268064
9fd69131,4.957674
9fe6fde8,3.641193
9fecf3dc,4.76101
a0227a21,4.4770164
a026a4ed,4.2182884
a04a32c3,3.6705935
a04c2d05,2.871013
a0712779,3.3999584
a07292a9,4.191148
a0940781,4.769344
a0c24719,4.0292883
a0d550f4,4.6055937
a0dd8c5d,4.034135
a0eaf617,4.008388
a0f341e3,5.2113724
a0fa9e98,4.506695
a117f778,2.0761547
a134dd29,3.1845458
a13e3a1d,3.1717722
a18d1dce,3.5566633
a1a579b8,5.1335535
a1a879ad,2.3717422
a1e5c00a,3.8763294
a2212ea2,2.4104662
a24677fb,2.4744594
a265f6b2,4.8482175
a278e3e3,4.6740413
a294b044,2.8448536
a2b991c4,4.1714787
a2f924cd,4.347731
a2fea92f,2.7961085
a3002e51,3.0644314
a3020d40,4.1444197
a3417adb,3.5038438
a350cdb0,3.5585113
a39139ca,3.7109838
a394eb72,2.4449482
a399ebf0,4.4498496
a39a142d,4.5689645
a3dd84d1,4.457029
a3e3f8d7,4.971774
a4050889,3.429092
a42ed34a,4.0734367
a4343828,3.1240008
a435ad82,4.3407164
a44e2223,3.714783
a466bdbd,2.5503805
a4786db7,4.5006576
a48809ed,3.173195
a4c28de8,5.069057
a4dc3a53,3.2895224
a4e91a31,4.137741
a4eed006,2.0917811
a5082dd5,2.3703287
a50ad9b8,1.9921614
a5535728,4.0468807
a557363c,3.5832412
a5593c54,3.1272461
a573979a,4.438733
a581dbff,3.5166771
a5c7e939,4.2437153
a5d219a7,4.220058
a5dc9ae4,2.0825202
a5faf0da,3.1242197
a60740b8,2.215156
a60f97e1,3.776331
a65c30f2,4.2457476
a67d7333,4.6929007
a68438f2,4.492659
a6a84700,4.7990923
a6cc9c6a,3.1965022
a6d05bf8,2.3264592
a6d7b342,3.6098025
a6d90b13,2.3044155
a6f785ed,2.2991538
a709392d,3.826509
a72a8eb5,4.1877713
a73f2eb3,4.3731375
a74a8557,4.218018
a74f7d18,4.690221
a753ded2,4.7013407
a7621aff,2.6800194
a767196b,4.641094
a7675a7c,4.227395
a799eaec,3.6459525
a7a31aa3,3.6377418
a7caa6c5,3.815117
a7df9886,3.930724
a7e9121d,4.3125496
a814c646,3.8622007
a8219621,3.7351227
a83ed2ea,2.0299277
a8a44b19,3.2046044
a95eb2f8,3.7151284
a96dc180,4.8067355
a978dd26,3.7068014
a9be88ec,3.8484077
a9cab2af,4.611193
a9f538e2,4.4847426
a9fd5db1,4.7256446
aa052ff5,5.0436773
aa46b040,2.1374984
aa482fd9,2.482921
aa6238d4,4.591092
aa7fe2fd,4.1890483
aabc948f,4.834463
aac5ac07,3.7060483
aae3f491,3.886658
aaf07101,5.232912
ab02baf8,2.2014685
ab0a3132,4.4834123
ab101095,2.8973498
ab38c3d6,4.5501795
ab888941,3.948818
ab94ff28,4.1562757
ab975e22,2.830062
abac6041,4.2240844
abb84da9,4.4155836
abdcad90,3.0293188
abffaa47,3.876375
ac035e08,4.7787657
ac509b72,3.4508529
ac558e55,2.9538271
ac63a9eb,3.5404541
ac6e670a,2.5575426
ac71d377,4.7076063
ac9e81f6,4.004557
acaf840f,5.194192
ace0ee61,4.0825477
ad04a619,2.3184457
ad074ea8,4.230526
ad54385b,3.387822
ad5f7cbb,4.4450903
ad8bba1d,3.5143359
ad8f2b1e,4.6928515
ad929a5c,3.7049413
adb9eb41,4.6434526
adc30d84,4.265204
adfa3eeb,2.4212263
ae1d4355,4.946342
ae2e45f2,4.23893
ae3aac7e,5.0845585
ae424507,3.1317818
ae6319cf,2.8884938
ae72372e,4.13018
ae9a4021,2.8916094
aeba6ea3,3.580197
aece6ae8,4.316002
aed269c6,3.8821158
aedc273c,3.3222804
aef3e7db,4.5266547
af2374f2,2.4529057
af4080f5,4.108059
af413996,3.4534953
af6b9c48,4.7090015
afb37127,3.7235432
afc07c28,4.2101126
b0127418,2.8352227
b027df85,3.3890264
b050b765,2.1175234
b0549c3f,5.1690397
b05c3e6f,2.5501392
b0889ee9,3.8842
b09dfe31,3.246004
b0c331fc,4.983477
b0c5d223,4.631853
b0deada8,3.645643
b0f15494,4.231154
b0fa5a71,4.689516
b0fad85d,2.4666135
b10b4664,2.763645
b10c5326,3.957799
b10e093c,3.667819
b11e1fdc,3.1412067
b1301f27,4.511838
b1560018,2.9323323
b160b3e7,4.9738474
b1789fc6,3.1735635
b1b8d3b7,4.483679
b20bd1f8,3.4420972
b2363d6e,2.3022747
b24d05d3,3.0885253
b2688a58,4.6303644
b26c5a3c,4.6433516
b26fe420,4.961186
b27d8477,2.7908223
b2971bf2,2.6932046
b2ab8661,3.4911373
b2c410b3,3.5918307
b2f436ad,3.2613435
b2fd3a2f,2.4712274
b3027b38,3.524938
b3b3bb98,1.9561981
b3b622d0,2.8458676
b3cebc3a,4.5795836
b3ea4e9f,3.480678
b4173b4d,4.2268553
b4387780,2.7547514
b44f2f34,4.3090334
b450b853,3.190365
b45dc3dd,3.382914
b475c8d9,2.9746592
b4834b77,4.1760244
b4854bfa,4.106322
b4982a8b,2.3208277
b4988628,4.0337844
b4a02288,4.1377873
b4af5817,4.4071627
b4ce3f66,4.426329
b4e5001b,3.5439386
b4e8eaad,2.230743
b50a2dcc,3.3778377
b515a0d5,5.060377
b52822bc,4.5238714
b5285c39,2.766361
b55ef091,3.5334523
b5663b2f,3.9026856
b5665442,3.557325
b595fa14,3.5538125
b5a82ead,2.3244026
b5bb3bdd,4.8218966
b5c46740,3.7618222
b5d6e867,3.2032301
b5e75668,5.1416917
b5f258f5,3.0576227
b602f375,2.928467
b60d831a,4.079748
b61221f1,3.1174517
b622ff3b,3.7069175
b62db875,4.0944138
b6338670,2.48254
b645da5e,4.7818456
b6490565,4.528133
b66bdcfe,2.9008906
b691afc2,3.8788707
b6e9986f,2.7956414
b6f4754b,2.7842674
b6fd25a0,4.337577
b732c6e2,3.6763222
b73648cf,3.7961624
b77b9b81,3.7574582
b7c571ee,3.0282853
b7ec8513,3.498988
b7fb66d1,4.6208367
b7fc4438,2.388513
b8091db4,2.4442635
b80eb117,4.5366793
b816ee8e,2.7562609
b826ca8d,3.8275707
b837ce71,4.815529
b8411b14,3.7788277
b89440ab,5.006808
b8a857fc,4.423814
b8da9bf0,4.642724
b8e78e0c,3.5527856
b9203e25,2.9517038
b95dd47c,3.182024
b9828b29,4.1244
b9844961,4.9394836
b98b17d6,3.5771186
b9a0fbbd,4.3507743
b9b2a2f4,4.991625
b9cec20e,2.7715888
b9f1915c,3.6507936
b9f90ada,4.9173064
ba001912,2.1623292
ba50b90e,4.178524
ba66fe73,4.51562
ba81e7d8,3.547388
ba9f465d,3.3680167
bab8c2fd,4.4979405
bad1245c,3.2268229
bae51194,4.120618
baf60693,2.6199284
bb43afb0,4.3947806
bb44a6bc,3.6420546
bb5c6a9c,3.0666482
bb6bbd4d,4.5519457
bb6e5cdd,2.9465957
bb87c079,3.2722552
bb948343,3.5582805
bb955a8a,3.5706804
bba7026d,4.1714826
bbcfe929,2.5474246
bbd06342,2.8045008
bc116d20,4.132489
bc119fba,2.8258078
bc3da4ab,4.0389194
bc945fbf,3.8961742
bc9cded6,3.821256
bcabf34b,4.093527
bcfa471b,3.094286
bd0baef9,3.818601
bd487e77,3.0114274
bd5d30d6,4.0171084
bd75ded1,4.0153027
bd84b2a6,3.8683412
bd8a6fd8,4.0816264
bd9f68a9,4.8685136
bdff8fd1,2.9434924
be0d803b,4.8356233
be2130ad,3.5742025
be243d18,4.326463
be24dd5d,2.87412
be3bccf5,3.3978329
be43ca0e,2.7817526
be97e03c,3.6658373
be9834a2,3.4162884
bec6434b,2.5156734
bed8741c,3.0379097
bee6e87b,3.3044045
bf1a04b1,3.4109855
bf2311b3,3.1189272
bf68655a,3.79826
bf8740c6,3.4731867
bfba4fa3,4.215189
bfc85aa5,1.8153609
bff32927,3.2347631
c040902a,3.8833168
c04413fc,3.1898513
c08cd65e,4.7801013
c08e1863,4.151202
c0adeba4,3.7537231
c0b955dd,3.4869142
c0e6ca6b,4.271672
c0f07a4f,3.7672396
c15c5250,5.177975
c17fc5cc,4.190526
c196d8cc,3.6863518
c1af64b6,4.1625566
c1f8f0b2,2.8191261
c20c5287,4.803972
c20ea620,3.6018405
c238b433,4.4932313
c242ceb5,3.507837
c2528e34,3.3959975
c2d522ff,3.174434
c33c336d,4.616884
c346b379,4.2299843
c346bdb6,3.557081
c3663a2d,1.8674312
c38f2d4d,2.3275928
c39065b4,3.7681277
c399c1f2,3.7943022
c3ad7780,4.578117
c3b8c500,2.339889
c3eaeb5a,5.274052
c461f7de,3.6596494
c493eeee,4.109712
c4999554,4.9244285
c4a77eaa,3.8601885
c4af026d,4.467474
c4e06186,2.5583704
c4e2e556,3.5104375
c4f04c1c,5.3098173
c5153bc2,3.0274165
c5251ab9,2.763948
c5269039,2.772078
c531a2f0,3.684894
c56d8755,4.367394
c5a1232f,4.4215374
c5a5af30,2.2203465
c5a838d6,2.737282
c5b40058,3.991972
c5e2fee8,3.2954745
c5f593d9,3.6332788
c61c1a63,4.5559344
c62c21e9,5.087282
c638e8c7,3.8454823
c647d68a,2.817006
c67feed7,2.0757353
c6afddaf,5.1807804
c71dad9e,4.751778
c71ed9a5,4.7208977
c72b96b8,4.512922
c7814d19,2.6614182
c7a04443,3.909433
c7aa7765,2.590297
c7ab0e41,1.7852437
c7df6572,4.1080356
c82db6d5,4.9376073
c8307cea,3.8710191
c835095e,3.1259549
c83841f1,4.5803704
c83ed380,4.4889565
c840a064,4.5751224
c840de1b,3.6054645
c8423c56,5.148016
c847f16b,5.0285864
c859a904,4.523859
c87d17f0,5.105765
c89ac493,3.9677184
c8c53117,3.1433113
c8cf48a3,4.5605936
c90ab478,3.5005655
c92c1620,3.389479
c93dd35a,4.6906686
c97768c9,3.458286
c977bb83,3.4446301
c99b9b37,2.6778
c9a405c8,1.8330723
c9a8cb6d,3.300736
c9b98881,5.2596073
c9be0189,2.040362
ca06574b,3.4808717
ca1feec3,4.522078
ca2405e7,3.6350079
ca6a1c11,4.6409993
ca8efe6c,2.3173616
caad8079,4.8204727
cacb78cd,2.900629
cadd65c0,3.4178383
cb24e2f0,4.4742746
cb32aa46,4.4173536
cb36a061,2.960646
cb457e17,3.734867
cb4a7d8f,4.6121902
cb50ac2c,3.2126565
cb77daae,4.0826583
cb9a228f,4.305965
cb9b9540,4.9734864
cbb77909,3.128189
cbe4e3c6,4.4797935
cbeb2be7,3.9428167
cbf1f147,3.6579154
cbf9bdd8,2.983304
cc32b9e5,3.9629984
cc68b81d,4.1838746
cc6a4840,4.2670636
cc6fa8cc,4.486702
cc8e37c2,3.8040175
cc8f245d,4.0599766
cc951f16,3.0901124
cc995d97,4.2503057
ccab505f,4.3895044
ccbde4a9,2.8279934
cccaaf96,4.050879
cccad129,3.439829
cccdb12c,3.0064597
ccce9f54,4.783284
ccdada4b,3.3859587
cce585a7,4.894697
cce5f122,4.107231
ccf38407,3.8107426
cd2202cd,5.305545
cd64ed13,2.3056846
cd662b55,3.9836137
cd7b9bb9,3.37573
cdc73008,2.6063175
cdc8a8ab,4.3971376
cdfbd31f,4.796366
ce1c2031,4.5310607
ce40b2f6,4.418064
ce47f41d,4.651212
ce50f793,4.000709
ce64ef83,2.5685523
ce6e839b,3.6465473
ce778f36,2.749452
ce7f9d9d,4.5471787
ce992a54,4.442113
cea62464,3.5051527
ceb42e8c,3.3830338
ceb6ad2a,4.2441688
cebb8af5,4.560246
cecc4d35,3.9545856
cee5b384,3.839624
cefcca98,3.937652
cf4dd1df,2.272272
cf61512c,4.8039746
cf672aae,4.6333804
cf7d95b9,3.7855632
cf8d1b80,3.3592234
cfa1bea0,2.5726552
cffadd0d,2.5879128
cffc66a7,2.8619156
d05cb8df,4.108212
d05d4a14,3.2888515
d06feb60,3.7596025
d0701348,3.6097245
d0a7cd9c,3.190148
d0b3b26b,4.279365
d0d0ebea,1.7830887
d0faae5c,3.7637444
d116c7f9,4.529557
d11b9bb5,2.1298869
d121cbd5,3.2455187
d1383522,2.96203
d1798b5e,4.586552
d192be1c,3.341419
d1a0c0dc,2.2943013
d1a5677c,3.5283847
d1ab01f9,3.9130995
d1bc66cd,3.8308496
d1d79f42,3.935326
d1d8aa0c,3.6753335
d1e7b103,3.6694582
d1ff3cd9,4.391114
d204965c,2.5545845
d27518b9,2.5142226
d2d0ebc3,4.8423204
d2d78025,3.7656038
d2ec6dc6,1.7777761
d34f0b65,2.1583345
d35975fa,2.715538
d36ceae6,4.295043
d3a0c370,5.0079846
d3b9ecaa,2.9328103
d3c36263,4.852189
d3ee468d,3.6456964
d3f97338,3.932352
d3fef198,4.7128468
d4008a98,2.3407538
d409864b,4.2929645
d413a5b5,3.5295556
d4318fb6,3.9391868
d4426124,4.334157
d448b7cb,2.723747
d454e7c7,2.9816585
d4666900,3.5749044
d472cfd9,3.615304
d47829b9,4.581065
d49e21a4,2.6982467
d4af22cd,4.177809
d4cf6a41,4.0887303
d4e208ac,3.8458238
d4fa47ec,4.5516844
d505f7c5,3.2361932
d516e816,4.257512
d5353eac,4.6863346
d53e304e,4.0268383
d599928f,3.6416602
d5af6725,2.7857776
d5c746df,3.3894043
d5e08535,2.1976342
d5e3afb6,4.4751773
d5f419b5,4.0722165
d5fa21c0,3.2580783
d62d4366,2.4874318
d641a64d,2.5402954
d66ea1c0,3.551833
d6892916,4.352572
d68f5377,3.199506
d6b3f0ee,3.5715854
d6c49842,3.4906986
d6c720ce,3.0751555
d6e700e9,3.735894
d7055c65,2.6737227
d70e1baa,3.3348684
d74d2c51,2.938963
d7705d79,4.4056616
d7871a2e,4.322574
d791d36f,2.7909813
d7c03932,4.043947
d7c8a819,3.240912
d7c8ee51,5.1259685
d7d0eca0,3.851584
d7f0b1aa,4.770333
d7f21d96,2.933505
d80ce807,3.752963
d84f0c52,3.5541813
d850861d,3.737992
d8612276,4.3077197
d86ac6c7,3.7294486
d87acfcd,4.861853
d87dea65,3.8667877
d8871360,4.4155016
d888ebb7,3.0050988
d8a426e4,4.8069825
d8ad15e6,3.841431
d8bae9f7,4.1819816
d8d596a3,3.7103379
d8d897c8,4.4832773
d8e49913,3.8195934
d8e53b5b,2.0159373
d8edf05d,3.7581186
d931029a,4.210301
d93bd869,4.514142
d9474286,2.9542403
d96b5156,2.773239
d9a4b7a5,3.7823353
d9e2c66b,4.5519266
d9e9abae,4.634409
d9fa0e75,4.716224
d9fec26b,2.738641
da5a554e,2.7020714
da6a74e8,3.287287
da70f502,4.3270907
dac7fdac,3.1257687
dad2b05b,3.353458
dafae958,3.955426
db1e3631,3.1417613
db1f9df0,4.727231
db50d9e3,4.616405
db6c2876,4.3817406
db9b38e6,4.249033
dbecb2a3,3.5292969
dbede377,4.007505
dbee2b4e,3.7788339
dbf94a12,2.310659
dbf9a096,5.113858
dc0d7869,4.0602746
dc57d9b0,2.908634
dc7b3d6e,2.6769707
dc844db4,4.3162346
dc90585d,3.4328115
dcad9665,3.8094556
dcb5cf49,4.155751
dccf967f,3.6990418
dd219a5a,2.7937236
dd22a7ca,2.0025775
dd3bce46,3.5713713
dd3d1dd4,4.8852
dd5994c0,4.2390633
dd75c2cc,4.6971054
dd88f370,3.1779156
dd8a5352,5.017203
ddacfa95,3.4318845
ddd1ed83,2.834063
dde9f6b7,3.7546499
ddec0a5b,3.5990481
ddf1b15f,4.3926587
ddf35b9a,4.316492
ddfffe1f,4.16152
de18d343,4.5384736
de30215b,4.0114183
de5a1b34,3.9012883
de913853,4.3132124
de9d6b34,3.6384156
deaac2a1,3.1998458
deb9b876,4.1086802
debf5b3b,3.685154
dee20b45,3.178321
df20a55a,3.7740119
df3055b0,4.096464
df4a52ad,4.27828
df5bfb67,3.8193526
df6f843d,3.7627132
df74824f,4.201987
df949cee,3.6812747
dfbc5b5e,4.8717613
dfcb3181,2.458945
dfcdeed7,2.690709
e01ec054,5.092182
e0324663,4.2451205
e041a590,4.250796
e0a304a1,4.7600336
e0ab02ae,2.853445
e0bacb1a,2.3696067
e0bb8634,4.4747963
e0e3c14c,3.7500775
e10e1197,4.72354
e123e09b,3.6137636
e12a6ae7,2.3787913
e12b5946,3.3867252
e12bc25d,3.83652
e14058f6,3.8521705
e154a6f9,4.5963893
e1567295,3.1446404
e15f50bd,2.2631962
e1a70d39,4.2638946
e1bd350e,3.5884469
e1f972d9,4.87809
e2124c99,3.705725
e23bcdd3,4.389464
e2618d09,5.059832
e262beca,4.4613934
e29d58c4,5.03162
e2afc02e,3.5591338
e2bb43a4,2.679094
e2db25a5,3.7404425
e300eb0e,3.629
e348267d,4.5658836
e3566589,4.1206
e3cd380f,4.730437
e3e0bc01,3.4133382
e3f3f5ee,3.8580048
e406a87e,2.0165257
e419603f,3.74563
e41e2d33,2.9529688
e42b680c,2.3959825
e4517d6a,3.0006766
e463cf46,4.314368
e46dbd03,3.7173824
e4721651,2.7711458
e4898343,3.2296908
e4acea6d,4.1297383
e519b7a4,3.5656261
e5246b48,3.2617812
e5339ab7,4.588226
e561571f,4.5067697
e562b877,4.4512534
e5640ba4,3.1867135
e56c61cf,4.0434227
e58d9b29,4.896544
e593ac4f,3.5062342
e596b9ad,2.1595023
e5b405e6,3.7004406
e5d223c4,3.8226492
e5f12cf8,3.3920765
e5f9bc63,2.612463
e606399f,4.4387536
e6298062,3.7497916
e63504fc,2.92084
e640a6b9,3.4766493
e6693dd9,3.114678
e6702053,3.134646
e6a6e1af,3.462791
e6c46996,4.2075663
e6cce993,3.682229
e6e75b5a,3.7913296
e6fbb647,2.6950693
e731a4d4,3.7305133
e73d822b,4.980293
e74a7639,2.8493886
e74cdd1b,3.2053456
e76cf799,4.532329
e7808797,4.217843
e78f568c,4.1057816
e794f432,3.0963008
e7bf19b1,2.9392195
e7f05c8a,2.9138093
e7fe6607,4.898792
e80f36a0,3.5583704
e817ec7a,4.7120504
e86a132d,3.4513762
e86ef821,2.7417927
e8a6381d,4.4260015
e8b674c1,3.1780288
e8f1926a,1.9099398
e937b66e,4.172307
e952ad6f,3.8159785
e98e0a41,3.7223086
e9901ca6,4.211094
e99a18d1,3.4232159
e9b68199,5.0298305
e9bac206,4.2362127
e9e25b02,3.7196376
ea0dfde0,4.0604515
ea0f84a6,2.9827669
ea411cc5,3.8424957
ea43e32d,2.5134568
ea6f3b93,3.9982681
ea71cc1a,2.7823584
ea735e2d,2.77574
ea7c2867,2.3782022
ea95de7c,4.602109
eac07dd0,3.6487586
eac9e436,5.1162777
eaed1826,3.7364583
eb5b8e69,3.7052994
eb5d1609,3.6530116
eb7992ef,3.3756678
eb968f4a,3.8878622
eba9ed17,4.0097823
ebd38edc,3.4258482
ebe17e7d,4.6333904
ebf6d57e,3.1276066
ec0efc3e,3.6278603
ec1bfe78,2.9043143
ec234dba,2.7086754
ec324099,4.282331
ec339aeb,2.9925165
ec816a28,4.295375
ec9a3e6d,4.36799
ecafe4d8,2.7675638
ecb4af9f,4.720426
ece37736,3.5724301
ed172a79,3.5628252
ed3202cf,4.1248136
ed51c841,3.2272396
ed8734dd,3.841121
ed9933ce,2.3448586
edc6ce98,2.460376
edd55568,4.4463882
ede8940b,4.8275223
ee11b25c,2.6593003
ee1a9853,4.194585
ee2a0546,4.564167
ee34c541,3.5603945
ee4a8e44,4.914887
ee5110f5,3.012777
ee5ecc19,3.4359167
ee73809c,2.7137456
ee80edbb,4.8030767
ee911fdc,4.391389
eea1cab8,3.40692
eed0ee0e,4.022671
eed37e33,4.791433
eed7c3f4,3.1684055
eeda6773,4.255586
eef796e6,1.7756107
ef49c621,5.2039776
ef4bcc6b,2.9386535
ef57841d,4.346008
ef5beee6,4.131318
ef754fae,2.4870965
ef7c6ea1,5.545035
efa94074,3.4582024
efaa8ea2,3.6900082
efad11bd,4.2470055
efb39280,4.35297
f009c177,4.9886622
f01e26bb,4.6712937
f0209f34,3.7324607
f04670f7,4.883149
f08f6465,2.5573268
f0c5c4f2,3.4184146
f0da0629,4.781701
f0fb2654,3.5856085
f16080ce,2.3495133
f1731319,4.366306
f17fa30e,4.8125677
f185661d,4.232574
f19fb786,4.2883406
f1d5d6b9,2.0747085
f1f4cc46,2.680244
f2021d46,4.057025
f202bb11,5.145877
f209bec2,3.1202402
f212d295,3.8562148
f22ce81b,4.2062902
f2399f11,3.7994263
f2597afd,3.939729
f26e1dd2,2.234957
f27ece1e,2.820915
f28baf86,4.2766647
f28f6017,3.9675686
f292a107,4.1305575
f29f284a,2.0536706
f2c4d0bb,3.1597598
f2c7963f,3.796574
f30d37f9,2.1291792
f31cd643,4.6551576
f359fc4a,4.9773426
f3778d8e,4.2110085
f38fcfd4,2.8072276
f3ad364f,4.9908004
f3b6b53e,4.6730022
f3e08757,4.7414637
f3e59808,3.591256
f3f9174e,2.0491905
f3fb665a,3.6098924
f3fcf7ad,3.6281962
f4080033,3.9053385
f413c831,1.8494151
f418ed5f,4.8951693
f422aeed,3.5069692
f42b441c,3.5260446
f42b9e9f,4.174428
f439e38d,4.6432066
f43db247,3.7923994
f44c5550,4.731094
f44f11f1,4.5931463
f462f23c,3.60863
f495bc5e,4.627676
f5003d20,3.5564294
f518aa1d,3.7304363
f55c1c6b,2.5464618
f564c467,2.0682135
f56f5478,2.6400805
f57d7159,4.7674685
f58a6673,4.490296
f599185c,3.0747352
f5a49c19,3.1589272
f5ae59e6,3.017518
f5b04434,3.4523282
f5d14e2c,3.0973685
f5d8ccf9,3.9244168
f605d266,2.4186003
f606143f,4.1907735
f62fd7f3,4.6962013
f646700f,3.692148
f64b2e1f,3.7716355
f64d14ff,4.8432045
f65551e4,4.1564713
f65da054,2.4391735
f686be9a,4.655994
f68fab1a,3.3917723
f69a7e8b,4.576794
f6ba36c4,4.838751
f737aea7,2.4706895
f73a3078,3.9186318
f748f79f,4.503512
f7551231,3.38578
f772262b,2.4029484
f79335cf,4.024987
f7a8641b,3.5749013
f7cf9bbf,3.2722487
f802dd9a,3.161528
f82c8d7f,3.619813
f8699abe,4.3691196
f875f75f,4.1068816
f888ab41,2.9062347
f8bed397,4.225697
f8f00deb,2.491508
f9511ff8,2.9389517
f95ee168,3.6002955
f9b99dd4,2.8245473
f9cf5bf0,3.1902251
f9d1846d,4.0302014
f9d3981d,3.5026288
f9eec00e,4.368708
f9f9b53f,3.9887993
f9fd3268,5.237921
fa1a67ba,2.1576083
fa34f270,2.677436
fa489e99,5.171591
fa6893a9,3.9970577
fa7a179f,3.4682825
faa72937,1.8843204
fadcab5b,4.51169
fae5bded,4.692315
fb2cb7e6,4.651217
fb4902e4,4.037809
fb53dda6,3.0777957
fb682f46,4.4856563
fb6c9c09,2.5273216
fb7849a6,3.636927
fb9b8674,3.0825748
fc04d65c,4.161132
fc0d73b1,3.6473393
fc564f46,2.8828557
fc76950f,4.8329787
fc95c51a,4.9056773
fca422ea,2.6993454
fcd51d95,4.0864625
fd1e6766,3.846627
fd25a501,3.997266
fd3ee9bb,4.611674
fd565688,3.838732
fd77c29e,3.2522738
fd802ea8,2.8165214
fd86ee30,4.980673
fda155fa,4.83621
fde20dd8,4.272931
fdecb7b7,3.4450345
fe092635,3.896065
fe2065cc,2.612278
fe4b82ea,3.853951
fe517d36,2.9207659
fe5f3bdb,3.5880637
fe746252,3.7312367
fe7cb4da,4.3482723
fea58520,3.6336784
fed10058,3.8849173
fedefb50,3.9218545
fee38d19,3.8421524
fef49516,3.0217066
ff25c55d,3.82558
ff2f2711,3.3425283
ff387a10,4.1278954
ff5ac707,2.5364702
ff635a91,3.7380517
ff7f1779,4.0472755
ff90a677,3.6388721
ff9a11ae,4.0066776
ff9d1032,3.861131
ffab2ba4,3.3160422
ffb8c745,3.8906264
ffbef7e5,3.7932944
ffccd6fd,2.2738497
ffec5b38,4.4859953
fff05981,3.427794
